2026-03-21T03:29:48	8204993	7377f7e3aaac29bafb7964cdaef9c6978286d27a18642acf45edbfde4d00bebf	1902.05198v4.pdf
2026-03-22T12:58:32	15358	133ab82cabffb2c7f1ff56f0051113c9e6d79f0a168c08f6cd56e0a7aca8a7a0	2-scroll.md
2026-03-21T12:41:56	821296	dd1829faba8e58a98022669c5a6534cb71a430ec5af4e6a71e8a37197e6b1169	3768292.3771255.pdf
2026-04-30T11:43:36	18412	639e1a63c941bd90f1c9315e1bb4786c4f2961ba2c324d53b8c133ef9f882314	analyze_n_ens/03b_cli_phase_all.py
2026-04-30T01:39:59	521368	776d3cc93217749083598c7738d931001eeb303dbbc4abc8075eabb06bed9975	analyze_n_ens/03b_phase_all_SSM_B_dim11_poly2_w180.png
2026-04-30T11:27:12	478227	8ad3d96d98b2695f9a02de236420521a5d701d9d0da19455730b7cd64be8f6e5	analyze_n_ens/03b_phase_all_SSM_B_dim8_poly2_w180.png
2026-04-30T11:27:20	507954	f295afdd4a487c407cc5fd202bee552342712f4b0bea3c6a5363bc81b9c5eba5	analyze_n_ens/03b_phase_all_SSM_B_dim9_poly2_w180.png
2026-04-30T12:05:38	18570	ea87a82399fe7fd3b7b3fa3644187fabd61144e1690cd35c06c13a800503c2fe	analyze_n_ens/13_2_cli_lambda2_visualize.py
2026-04-29T20:57:47	851879	81af029dc019bb242d62ee0b90fa7f1ee228df496d0c5fb8ba42b65fb6bceee4	analyze_n_ens/13_2_lambda2_visualize_20260429_205746.png
2026-04-29T20:58:38	871710	9781b840527a71ca69afa1599238c0616327a26660bcc2d5fc6cc0dd4e4787b3	analyze_n_ens/13_2_lambda2_visualize_20260429_205827.png
2026-04-29T21:01:28	870824	fcf8773ba9b441ec89367103375674d8968355bc96592386f660ec7c73822b81	analyze_n_ens/13_2_lambda2_visualize_20260429_210118.png
2026-04-29T21:37:40	1078330	ae1665150b2a0df5e09e8a97951f4dc14e4ec7b3e929a4c99bb6a167b6645d2b	analyze_n_ens/13_2_lambda2_visualize_dim11_poly2_w180_20260429_213726.png
2026-04-29T21:02:59	870824	fcf8773ba9b441ec89367103375674d8968355bc96592386f660ec7c73822b81	analyze_n_ens/13_2_lambda2_visualize_dim5_poly2_20260429_210257.png
2026-04-29T21:14:46	993815	f5e38d11763e8e232f17a90496686d7d630ffbb563e69f5d5a0b4ab7456d5698	analyze_n_ens/13_2_lambda2_visualize_dim5_poly2_w120_20260429_211434.png
2026-04-29T21:13:44	918755	6b73e20855811ba86f85bef91bc0a895294d4178b58f2a675eab41d664d87645	analyze_n_ens/13_2_lambda2_visualize_dim5_poly2_w160-180_20260429_211335.png
2026-04-29T22:44:18	960179	fbb40b149e889943cc73219456aa11be27b15503d4bc9006250bd53d833fac02	analyze_n_ens/13_2_lambda2_visualize_dim5_poly2_w160-180_lu160-180_20260429_224412.png
2026-04-29T23:17:02	1011204	f890710d3563f667c3bdbe8a97bc245f2abe97b30fbfbc5efa78843c722a524b	analyze_n_ens/13_2_lambda2_visualize_dim5_poly2_w160-180_lu160-180_20260429_231658.png
2026-04-29T23:18:57	958443	e41fc0fd30784ca63109489ff08a6998b2a49c954dd0d7910a08a00476ee6517	analyze_n_ens/13_2_lambda2_visualize_dim5_poly2_w160-180_lu160-180_20260429_231855.png
2026-04-29T23:19:11	958443	e41fc0fd30784ca63109489ff08a6998b2a49c954dd0d7910a08a00476ee6517	analyze_n_ens/13_2_lambda2_visualize_dim5_poly2_w160-180_lu160-180_20260429_231909.png
2026-04-29T23:19:56	1060637	91841e76a1816c99aa5f2f9a65dd3eb87b7985bbfadc3f053bd67a3b46cbb97f	analyze_n_ens/13_2_lambda2_visualize_dim5_poly2_w160-180_lu160-180_20260429_231954.png
2026-04-29T23:21:33	963304	eb421dadf4a64638a9a31a95f3220e0d5cb253e833f09b5a06f665d43a6b4801	analyze_n_ens/13_2_lambda2_visualize_dim5_poly2_w160-180_lu160-180_20260429_232131.png
2026-04-29T23:21:43	977367	7b849495be6fcc3c07affe8557f200539d9c178f6f1ca776385a563e47ebb8f8	analyze_n_ens/13_2_lambda2_visualize_dim5_poly2_w160-180_lu160-180_20260429_232141.png
2026-04-29T23:22:42	989937	8a342f2f3d13b4c0ec4bafa743e17c45e840eb392fa56e83de54fa97041dca55	analyze_n_ens/13_2_lambda2_visualize_dim5_poly2_w160-180_lu160-180_20260429_232219.png
2026-04-29T23:22:42	989937	8a342f2f3d13b4c0ec4bafa743e17c45e840eb392fa56e83de54fa97041dca55	analyze_n_ens/13_2_lambda2_visualize_dim5_poly2_w160-180_lu160-180_20260429_232223.png
2026-04-29T23:24:55	852243	c9ebd2d011afb87a3753c2d2f0b17a0e4fc21dd8154e98e00eca1cf08ade2ceb	analyze_n_ens/13_2_lambda2_visualize_dim5_poly2_w160-180_lu160-180_20260429_232442.png
2026-04-29T23:24:55	980828	5ebc28db337e534873a2f276fc045f4bb04645436d383ea212ccb049166ccdb8	analyze_n_ens/13_2_lambda2_visualize_dim5_poly2_w160-180_lu160-180_20260429_232444.png
2026-04-29T21:06:10	1050616	52c554a23cd40d500b389924a0e9ee35163e91b76f72eea13d667a47a38e4d4f	analyze_n_ens/13_2_lambda2_visualize_dim5_poly2_w180_20260429_210558.png
2026-04-29T21:09:10	1009181	36c1a8056e99150d9565fe969af776d2da3b8baddd4c4895be4f9691227cf281	analyze_n_ens/13_2_lambda2_visualize_dim5_poly2_w180_20260429_210909.png
2026-04-29T22:22:43	1009945	a108e9365cae9253bef38474a552dbbdf1277902253733fffd4ec0e099e0a064	analyze_n_ens/13_2_lambda2_visualize_dim5_poly2_w180_20260429_222241.png
2026-04-29T22:38:51	984077	241eb435cbe55145700de28a1c84e8ce30ca8723f836ce7abd3453b05beb1165	analyze_n_ens/13_2_lambda2_visualize_dim5_poly2_w180_20260429_223848.png
2026-04-29T22:40:27	981371	286a1a4752ec1a08d575a813957b7f8ab5421cad4bf7e99a140d3d2a2ebbfd2e	analyze_n_ens/13_2_lambda2_visualize_dim5_poly2_w180_20260429_224025.png
2026-04-29T22:44:10	980437	c88a217ee82eb64930a1934d158d672fb0082ae6a1997e5014efc321934d3fe4	analyze_n_ens/13_2_lambda2_visualize_dim5_poly2_w180_20260429_224408.png
2026-04-29T22:49:37	1012407	382fcf9190e0b3f7ce2ea6becf56d91fde471cb26da4238a77bc3620ee850365	analyze_n_ens/13_2_lambda2_visualize_dim5_poly2_w180_20260429_224935.png
2026-04-29T23:00:25	992008	2c323581dcdf6f93cec6965d959d41f6f3480d5f6891c0877e6274d143476833	analyze_n_ens/13_2_lambda2_visualize_dim5_poly2_w180_20260429_230024.png
2026-04-29T23:02:42	992008	2c323581dcdf6f93cec6965d959d41f6f3480d5f6891c0877e6274d143476833	analyze_n_ens/13_2_lambda2_visualize_dim5_poly2_w180_20260429_230240.png
2026-04-29T23:03:59	1034008	307546b48b0ae249448fba5ec231f45b0e3a4a3790c0ea3de934a626fc2ce548	analyze_n_ens/13_2_lambda2_visualize_dim5_poly2_w180_20260429_230352.png
2026-04-30T00:56:03	1024678	9a8d0c02ac9a4e9bf8df539e97107055b39232fa3bbfbb5425e2144286e59474	analyze_n_ens/13_2_lambda2_visualize_dim5_poly2_w180_20260430_005554.png
2026-04-29T21:22:57	1028709	1f39511f8c4b7b5fe30ac4fe2c892224e79bc53efb80c7bafc8d33732876aa44	analyze_n_ens/13_2_lambda2_visualize_dim5_poly2_w180_lu180_20260429_212250.png
2026-04-29T21:28:19	1028709	1f39511f8c4b7b5fe30ac4fe2c892224e79bc53efb80c7bafc8d33732876aa44	analyze_n_ens/13_2_lambda2_visualize_dim5_poly2_w180_lu180_20260429_212818.png
2026-04-29T21:31:13	1038121	6787050f1ecbf09cc6fbbe7974e84b187f05d9ef3077f39ed732ace54e3c0bb7	analyze_n_ens/13_2_lambda2_visualize_dim5_poly2_w180_lu180both_20260429_213108.png
2026-04-29T21:31:28	1038121	6787050f1ecbf09cc6fbbe7974e84b187f05d9ef3077f39ed732ace54e3c0bb7	analyze_n_ens/13_2_lambda2_visualize_dim5_poly2_w180_lu180both_20260429_213127.png
2026-04-30T12:06:08	1024678	9a8d0c02ac9a4e9bf8df539e97107055b39232fa3bbfbb5425e2144286e59474	analyze_n_ens/13_2_lambda2_visualize_dim5_poly2_w180.png
2026-04-29T21:07:06	1339573	7dccc834b9b3bd6a31852233c9c7d5ada983346a6dcdac005de34fdbc4672925	analyze_n_ens/13_2_lambda2_visualize_dim5_poly2_w90_20260429_210657.png
2026-04-29T21:17:40	1170143	51fc6c5252f9997af436b28f5124948fc8af9fcf541c8e70870f76a48e33975b	analyze_n_ens/13_2_lambda2_visualize_dim5_poly2_w90_20260429_211738.png
2026-04-29T21:06:02	870824	fcf8773ba9b441ec89367103375674d8968355bc96592386f660ec7c73822b81	analyze_n_ens/13_2_lambda2_visualize_dim5_poly2_wens_20260429_210600.png
2026-04-29T22:39:11	1014144	b2f6af9230693e6e1e96c1d140fe56781239c5140948122d7b9c17d3ed2d1d7d	analyze_n_ens/13_2_lambda2_visualize_dim8_poly2_w150_20260429_223902.png
2026-04-29T22:41:48	992030	d8fbcf1cb1235c9b412db1d74b4ef578100031ba4fb61a06863f4cae76039865	analyze_n_ens/13_2_lambda2_visualize_dim8_poly2_w160-180_lu160-180_20260429_224139.png
2026-04-29T22:40:45	998969	160f756f47d52af8872873b0ab464e238648d4e15063572e5c16ad26f6d550ae	analyze_n_ens/13_2_lambda2_visualize_dim8_poly2_w180_20260429_224040.png
2026-04-29T22:31:05	1234735	a408bd874a0d503d6095e2c15d346b300e2dacd53a879455280302fcde564596	analyze_n_ens/13_2_lambda2_visualize_dim8_poly2_w180_lu45_20260429_223058.png
2026-04-29T22:28:06	1182241	a7b1260ed481476864515637954ca8e54eea57ad1aaf1ec274bc9790974f65c2	analyze_n_ens/13_2_lambda2_visualize_dim8_poly2_w180_lu90_20260429_222755.png
2026-04-29T22:30:08	1182272	50cc9775c88081af6d31458e7c8c239fb26990fb922ee085353d214a8275d2fa	analyze_n_ens/13_2_lambda2_visualize_dim8_poly2_w180_lu90_20260429_223006.png
2026-04-29T22:38:09	975711	27fb897142aa28113895dd5f464d8fbc68ff295039d7b957353758e6e3485f5b	analyze_n_ens/13_2_lambda2_visualize_dim8_poly2_w200_20260429_223759.png
2026-04-29T22:33:10	1876298	5b4632af36c560e1169dca374269797bf2a44f5c1b2488ac8a5d3d5e2deec672	analyze_n_ens/13_2_lambda2_visualize_dim8_poly2_w45_20260429_223141.png
2026-04-29T22:34:51	1367706	d17d87f687455cb5225dd9d61ca1c2cddaa5dc5e1a3d9f87401b922e3be557f6	analyze_n_ens/13_2_lambda2_visualize_dim8_poly2_w45_20260429_223449.png
2026-04-29T22:39:55	828883	ef0fa3ef2b9da7851e7c76fed4f8305bd3b545cc7be1a7f2cb12923bef33809b	analyze_n_ens/13_2_lambda2_visualize_dim8_poly2_wens_20260429_223945.png
2026-04-29T21:40:34	936019	f932fa55c348685bf0bf2b48d2f69c54404b6d955ff8fb5f9e8fba257ba8e16d	analyze_n_ens/13_2_lambda2_visualize_dim9_poly2_w150-210_20260429_214022.png
2026-04-29T21:40:14	908675	3182f66b943813c1fe7a4c8d31293ac63436348095bbb163c8913039a447d45d	analyze_n_ens/13_2_lambda2_visualize_dim9_poly2_w160-200_20260429_214004.png
2026-04-29T21:39:55	939114	4e743f421d9a0cdba4b19db72543c4b23a3c22c12b6ebffa91921a20ac1c2126	analyze_n_ens/13_2_lambda2_visualize_dim9_poly2_w170-190_20260429_213944.png
2026-04-29T21:33:27	1057124	49eb9f590339afde41ce4c845f7d9042a225feed4b2bd9f3baafeca0f622f8d4	analyze_n_ens/13_2_lambda2_visualize_dim9_poly2_w180_20260429_213311.png
2026-04-29T21:35:28	1057124	49eb9f590339afde41ce4c845f7d9042a225feed4b2bd9f3baafeca0f622f8d4	analyze_n_ens/13_2_lambda2_visualize_dim9_poly2_w180_20260429_213527.png
2026-04-29T21:41:57	1045873	299a5bff06017be8845e4289b80f7577d4b29da227442c5f61d2330adae10e6a	analyze_n_ens/13_2_lambda2_visualize_dim9_poly2_w180_lu160-180_20260429_214150.png
2026-04-29T21:42:20	1045873	299a5bff06017be8845e4289b80f7577d4b29da227442c5f61d2330adae10e6a	analyze_n_ens/13_2_lambda2_visualize_dim9_poly2_w180_lu160-180_20260429_214218.png
2026-04-29T21:43:06	1122065	87e1d3f2bb987670cb4897a5c3b3b5e873526a01d5af74762df0dc8deb51d7df	analyze_n_ens/13_2_lambda2_visualize_dim9_poly2_w180_lu180_20260429_214300.png
2026-04-29T21:46:43	1077103	ee12edab934ee226d2b4aef5fe42e81f3dc5c166e1cc251cf00946504d368054	analyze_n_ens/13_2_lambda2_visualize_dim9_poly2_w180_lu180_20260429_214641.png
2026-04-29T22:00:33	1077103	ee12edab934ee226d2b4aef5fe42e81f3dc5c166e1cc251cf00946504d368054	analyze_n_ens/13_2_lambda2_visualize_dim9_poly2_w180_lu180_20260429_220031.png
2026-04-29T22:23:12	1076191	32f1116a0b80032d04dbe06b812cd88a4ab1899ef81e9998a05e27b049549838	analyze_n_ens/13_2_lambda2_visualize_dim9_poly2_w180_lu180_20260429_222310.png
2026-04-29T22:24:06	1118798	4d8bb69f53bb74deb29ee6e5fb573b295f00d0e7916666f101e676af34fa2910	analyze_n_ens/13_2_lambda2_visualize_dim9_poly2_w180_lu180_20260429_222404.png
2026-04-29T22:25:19	1119727	98ec8628089bdc80042d27820f04faee46573cf8c5e2a009d514906187eaf8af	analyze_n_ens/13_2_lambda2_visualize_dim9_poly2_w180_lu180_20260429_222518.png
2026-04-29T21:44:35	1062056	26c8097b29812f1f44610e88085bf02cb8d4a2fc1185337274dd7af606ba7934	analyze_n_ens/13_2_lambda2_visualize_dim9_poly2_w180_lu90-100-110-120-130-140_20260429_214429.png
2026-04-29T21:43:38	1076676	4a7b647c78b08130aacae37175b80915f42c10b1cd55a297dec651f835f136b3	analyze_n_ens/13_2_lambda2_visualize_dim9_poly2_w180_lu90-120-180_20260429_214332.png
2026-04-29T22:27:20	1187023	170cc33fafbcb35e10f8f57fa0872ca649c1fd3fd546a7e36da96a3a454f552b	analyze_n_ens/13_2_lambda2_visualize_dim9_poly2_w180_lu90_20260429_222714.png
2026-04-30T12:41:30	17962	d5a247bb347e95e683ecb524bd1e53e1fcf22648c04820a402c918255dc8d3df	analyze_n_ens/13_cli_lambda2_visualize.py
2026-04-29T20:31:27	680198	605d8f670201597f28a4312d6a607f8dc5757cc07885a0f60601b8b9cb8f82eb	analyze_n_ens/13_lambda2_visualize_20260429_203108.png
2026-04-29T20:33:58	680198	605d8f670201597f28a4312d6a607f8dc5757cc07885a0f60601b8b9cb8f82eb	analyze_n_ens/13_lambda2_visualize_20260429_203356.png
2026-04-29T20:39:59	681088	4681e955a54edffd2312c5647eedc83d4393ff7a7933d06b4667d773d2eaf738	analyze_n_ens/13_lambda2_visualize_20260429_203955.png
2026-04-29T20:41:41	681088	4681e955a54edffd2312c5647eedc83d4393ff7a7933d06b4667d773d2eaf738	analyze_n_ens/13_lambda2_visualize_20260429_204140.png
2026-04-29T20:43:31	679378	978058ae59297aa90860c1390ef8ea874477e881843577e1ecd7cf5a7ad8b064	analyze_n_ens/13_lambda2_visualize_20260429_204329.png
2026-04-29T20:44:10	679378	978058ae59297aa90860c1390ef8ea874477e881843577e1ecd7cf5a7ad8b064	analyze_n_ens/13_lambda2_visualize_20260429_204408.png
2026-04-29T20:44:47	680776	b47e3309f1d931b74d0205f07a4b0a7bd05278fb5a055beea1699fa5ca098ac3	analyze_n_ens/13_lambda2_visualize_20260429_204446.png
2026-04-29T20:45:11	680776	b47e3309f1d931b74d0205f07a4b0a7bd05278fb5a055beea1699fa5ca098ac3	analyze_n_ens/13_lambda2_visualize_20260429_204509.png
2026-04-29T20:47:42	679366	822eb77964f4326c06a7c6c9b4d81ef74b6db4ab2c898fe12abe5fcd52361857	analyze_n_ens/13_lambda2_visualize_20260429_204740.png
2026-04-29T20:48:56	680452	6d4eeb50ff232a66f9d98243bbfdbc95f3711c60289fe0bef74a99ecbfd93578	analyze_n_ens/13_lambda2_visualize_20260429_204855.png
2026-04-29T20:49:37	680917	50349701c0516e6b9fb85e14b433b38b890e8e55176e54f2a7dc954b06bf0a7f	analyze_n_ens/13_lambda2_visualize_20260429_204936.png
2026-04-29T20:50:11	680231	78863e5e2952c858a17ba0237971d9208528ba686f3759f8690f65baaa7cb620	analyze_n_ens/13_lambda2_visualize_20260429_205010.png
2026-04-29T20:50:22	680231	78863e5e2952c858a17ba0237971d9208528ba686f3759f8690f65baaa7cb620	analyze_n_ens/13_lambda2_visualize_20260429_205021.png
2026-04-29T20:53:53	852781	8e23130feacc9bb0b9b438841817ccdb9884f407058edd81f77c250f4388f9ee	analyze_n_ens/13_lambda2_visualize_20260429_205339.png
2026-04-29T20:53:53	852781	8e23130feacc9bb0b9b438841817ccdb9884f407058edd81f77c250f4388f9ee	analyze_n_ens/13_lambda2_visualize_20260429_205350.png
2026-04-29T23:09:32	720197	214a1a08570343babfd5c20e14fddae432ecbe7bf7630e7726636cde1fc4afc4	analyze_n_ens/13_lambda2_visualize_20260429_230905.png
2026-04-29T23:11:12	727758	707e7afed97f59d0e9a025ada3a6f310093c050e9c9291aa1186a0e9552b6275	analyze_n_ens/13_lambda2_visualize_20260429_231052.png
2026-04-30T00:56:17	681156	8ad14182fd569564d586f36657cddc7f26aed8097b172fea227eea40687668cd	analyze_n_ens/13_lambda2_visualize_20260430_005610.png
2026-04-30T11:59:30	681156	8ad14182fd569564d586f36657cddc7f26aed8097b172fea227eea40687668cd	analyze_n_ens/13_lambda2_visualize_20260430_115929.png
2026-04-30T12:00:14	694973	84a3879ceaddd69899c5378c53e1459eb14a567cbeffad8cf838f202bfcc376e	analyze_n_ens/13_lambda2_visualize_20260430_120005.png
2026-04-30T12:02:08	685237	f5e54ea7ec4799c261838dc12e84bedd8c7f28e204db4ccc35c501392a6b355d	analyze_n_ens/13_lambda2_visualize_20260430_120201.png
2026-04-30T12:04:28	685237	f5e54ea7ec4799c261838dc12e84bedd8c7f28e204db4ccc35c501392a6b355d	analyze_n_ens/13_lambda2_visualize_20260430_120427.png
2026-04-30T12:04:50	685237	f5e54ea7ec4799c261838dc12e84bedd8c7f28e204db4ccc35c501392a6b355d	analyze_n_ens/13_lambda2_visualize_20260430_120448.png
2026-04-30T12:08:31	685237	f5e54ea7ec4799c261838dc12e84bedd8c7f28e204db4ccc35c501392a6b355d	analyze_n_ens/13_lambda2_visualize_dim2_poly2.png
2026-04-30T12:29:47	789961	ba906ddb37c983bc98678b2b7a8d5c63bca8e4eccfa1735a5dc70d80c3f981af	analyze_n_ens/13_lambda2_visualize_dim2_poly2_w120-150_lu120-150.png
2026-04-30T12:30:29	877636	1d0d037f0f1f386ddb48bf4d3c68b51b2ab58226e2bbdd87986e2072cd43932f	analyze_n_ens/13_lambda2_visualize_dim2_poly2_w130_lu130.png
2026-04-30T12:27:48	806855	d8c168d8604adfceb36a423d9595ee928ba86820f19db68247640e5de8f91dc1	analyze_n_ens/13_lambda2_visualize_dim2_poly2_w150.png
2026-04-30T12:41:54	772735	1ea5a4628f9739149f9096c8e3152f5f6f7ac5335dee985a0289a3d8805939ef	analyze_n_ens/13_lambda2_visualize_dim2_poly2_w180-220_lu180-200-220.png
2026-04-30T12:28:57	832436	b95d905221b36c051ffe5ad0376fe680cce90afad6242257b391707161e28aff	analyze_n_ens/13_lambda2_visualize_dim2_poly2_w180_lu180.png
2026-04-30T12:16:21	811719	e43042bcfb9575abbc1ef9e86ff78db2f23526a0855e4f06c55f2a9f30018662	analyze_n_ens/13_lambda2_visualize_dim2_poly2_w180.png
2026-04-30T12:24:07	685701	f208815d7efa3646e5f9f7319888949ff8a93366e341713cb175099ac04be5cd	analyze_n_ens/13_lambda2_visualize_dim2_poly2_wens.png
2026-04-30T12:39:08	832159	d23c2e54fb4fa0ebe3fe1a0ca76723b5ffa267f1b2b443fc290784091b1e98b7	analyze_n_ens/13_lambda2_visualize_dim3_poly2_w180_lu180.png
2026-04-30T12:43:11	782259	0e2c416a3fadcac3148ca2b6809fb826cdca2c98575403b37e433efdb2421443	analyze_n_ens/13_lambda2_visualize_dim9_poly2_w180-220_lu180-200-220.png
2026-04-30T12:54:04	6890	18050b42984aefc85715d5527d125508080beb8d245b0d02152473eac030e6ca	analyze_n_ens/14_cli_phase3d.py
2026-04-30T10:43:13	1148058	2e3c4c4455cec74a393b5e9c0a6243fd585c4afb47d9071ee72ab9ad58f2a04f	analyze_n_ens/14_phase3d_dim3_linear_w180_20260430_104303.png
2026-04-30T11:51:14	1148058	2e3c4c4455cec74a393b5e9c0a6243fd585c4afb47d9071ee72ab9ad58f2a04f	analyze_n_ens/14_phase3d_dim3_linear_w180_20260430_115113.png
2026-04-30T11:52:32	1148058	2e3c4c4455cec74a393b5e9c0a6243fd585c4afb47d9071ee72ab9ad58f2a04f	analyze_n_ens/14_phase3d_dim3_linear_w180_20260430_115230.png
2026-04-30T12:58:08	1223115	9801f70ef952000632050755f61ecd4fcc44ff9f83dc1f04e95329d10d6cee28	analyze_n_ens/14_phase3d_dim3_linear_w180.png
2026-04-30T10:43:22	1108540	2ef810af3cad0af38c1832ef904ee7b97bcb00e150f6780e1a6c69bf83298859	analyze_n_ens/14_phase3d_dim3_log_w180_20260430_104320.png
2026-04-30T11:59:47	1117344	c6bb1b036b2a5dfdf9665b83c496bc494fe50f54e3fda40dbed866d18c7f80ca	analyze_n_ens/14_phase3d_dim3_log_w180_20260430_115944.png
2026-04-30T11:53:46	983863	8c67c20006f4f8122a76df4020c4cb7f3fc6fcc3ca2412a2c5361699963f7180	analyze_n_ens/14_phase3d_dim8_log_w160-180_20260430_115344.png
2026-04-30T11:52:50	1108474	d6b34290b2e8218fb84046b23889f4a6f24bda6c2619bc4baf81eb763ace71e6	analyze_n_ens/14_phase3d_dim8_log_w180_20260430_115249.png
2026-04-30T11:51:52	1149535	5e58149d3ba0c9adeeaf3119de6ef7f81f484864a18c7e1d083cb9b2562723ed	analyze_n_ens/14_phase3d_dim9_linear_w180_20260430_115151.png
2026-04-30T11:56:09	1254287	370be7ab3cf6155d811dda2918b1a097cd83230b85b789f9ae71aeb3cd73b75e	analyze_n_ens/14_phase3d_dim9_log_w120_20260430_115606.png
2026-04-30T12:08:03	1265631	e1b92c911ed94fb5d5b98ed5977b525e361a34de75bbfe4e0208e1cd1dd8eb90	analyze_n_ens/14_phase3d_dim9_log_w120.png
2026-04-30T11:55:25	930995	9b44f03c15f18fc4e754ca5180e49ddf4ac887768ec55148f610574e09a8a292	analyze_n_ens/14_phase3d_dim9_log_w140-150-160_20260430_115522.png
2026-04-30T11:55:04	939404	84ab40d2c443506ac3cc7c2a420091f6b2c8b9fe396dd0fc228c2223847a6151	analyze_n_ens/14_phase3d_dim9_log_w140-160-180_20260430_115502.png
2026-04-30T11:54:05	984688	6240aa058d9d37c35448c696eb710d35291ab2166891c44b01c7cf14c3ba1f00	analyze_n_ens/14_phase3d_dim9_log_w160-180_20260430_115404.png
2026-04-30T11:55:45	1058638	5bc1ae916850545945b96c162466cb7eda59310478af6f0b1e04096e675bcbc2	analyze_n_ens/14_phase3d_dim9_log_w200_20260430_115543.png
2026-04-29T20:27:06	568	512394a788aa153ef65414478781fc62ee22bc4b827862b0facd83748b53d7b7	analyze_n_ens/constants.py
2026-04-30T00:55:29	10664	4163f15e7d7a9a01f8dbed0826ef44fd38c307d5e32dee8b2bfac642c2417366	analyze_n_ens/data.py
2026-04-29T20:27:03	0	e3b0c44298fc1c149afbf4c8996fb92427ae41e4649b934ca495991b7852b855	analyze_n_ens/__init__.py
2026-04-29T22:14:57	9712	8aa818fc2088accdfaac7e7f96c0907ea4d0df8162f2e6a917be273dbdb6e338	analyze_n_ens/results.md
2026-04-14T13:15:49	2246	f58a48d6df477da630e77ed33a275d9791af364967bb9541862734bf1768c29e	analyze_residuals/01_cli_precheck.py
2026-04-14T14:41:26	4887	ccac3d97047bb2e83ade24aca9ba3392354f6c044f26e437f41d569125051084	analyze_residuals/02_cli_harmonics.py
2026-04-30T11:43:25	16734	13c5692ced05afdbe2162dff469b0160c576be0a15c228ef310f295e48db1c1c	analyze_residuals/03b_cli_phase_all.py
2026-04-30T02:04:41	8626	498d663b51f13fd9887f97398200e547b7936aaabcc701b88a04ba4a07109ea5	analyze_residuals/03_cli_phase.py
2026-04-14T14:40:59	6780	6e2710cd4167c1ae2483a54d49c9449bc471f5e35e2eaed6e903bf99c47d444b	analyze_residuals/04_cli_scaling.py
2026-04-14T18:21:27	7963	0759738b1840c1db4740a12419fea9052ad4ac1a30429f3abdfe97295aabf1e8	analyze_residuals/05_cli_scan.py
2026-04-29T17:45:15	4906	3aa75f7b468ffa5ea4a9629981bbe085d43711699e340e468b76a82a048bbe23	analyze_residuals/10_cli_ssm_learn.py
2026-04-30T12:05:50	18879	4d2fe5e3dbcaac0e7a6d676714be187d85c24f8644dddcadc6688b29b1ec0124	analyze_residuals/13_2_cli_lambda2_visualize.py
2026-05-26T13:53:15	915725	765d24f8114a320550f1c9d441b518678df78a482f314d8d9fce039d33a397bf	analyze_residuals/13_2_lambda2_visualize_dim9_poly2.png
2026-04-30T12:05:23	17113	be83225d936d5e12025e71d8c367634744f92245518ae85c25a03fe47a49d3e0	analyze_residuals/13_cli_lambda2_visualize.py
2026-05-26T14:48:11	696393	6715112617cdf1ebe8229b503155a0c40d55480ad04e65f102f7585bf2addd2f	analyze_residuals/13_lambda2_visualize_dim3_poly1.png
2026-05-26T14:09:54	694030	325bb174e52981f30042a9d793cf7854c646656e843a8adcac6cff13d63c56c3	analyze_residuals/13_lambda2_visualize_dim3_poly2.png
2026-05-26T15:13:05	689493	28eeb8d5b92a7fb409103869af8057a13e93ef2014f9b9ee1b711a38f3595a45	analyze_residuals/13_lambda2_visualize_dim4_poly1.png
2026-05-12T17:42:16	9549	41c61bd147d061187ab16d4323bf0456a722f34db0c09ea0021af3708fd7770b	analyze_residuals/14_cli_phase3d.py
2026-05-04T18:16:58	6944	bce92b5365772de29391a8ac4c6406f971bfd10f59e9805d0ede75ce6ed774a9	analyze_residuals/15_cli_resample_control_dsweep.py
2026-05-04T15:24:44	4260	43484660b369a825ae4eaf9e892b470bd19af238b176390f1094133f973a3ab0	analyze_residuals/15_cli_resample_control_pipelines.py
2026-05-04T18:09:00	11581	9d4bea7d280b30a2bb9ecc783ae0c69cad9de7a1d4f08898b76f4ec996e626b6	analyze_residuals/15_cli_resample_control_plot.py
2026-05-04T14:33:09	2674	45e0ca5e09b00100199932b5a7c74dcf98275259117fff0fe5e51acfe3b68c02	analyze_residuals/15_cli_resample_control_preproc.py
2026-05-04T16:37:31	12426	c37ce8f18fb88a401801478c8f9ac7764676a60f0470b8efcb0e0fd5d9797ebf	analyze_residuals/15_cli_resample_control.py
2026-05-04T14:34:23	2613	b6af1843f499f822ebd56c5068d8cec6f603c2ba525b8def58f916bfc6ddb972	analyze_residuals/15_cli_resample_control_spectra.py
2026-04-12T12:24:59	4981	da1797c802395cb737756813fa25d6e8308b130d94417ef0c13eba7c5799f12d	analyze_residuals/amplitude.py
2026-05-29T13:46:16	2927	b88960d7bbe89838763d293f8f45e73edcd3cf45c224161701e1567a1f5b7de9	analyze_residuals/.claude/settings.local.json
2026-04-29T13:12:34	2813	d012aed40362cc980cea931eb3cd51ccd74065c1f499d3b0252b21be5e31b908	analyze_residuals/common.py
2026-04-12T12:24:56	612	ac8af8240e497c4c17c07965aa8a598dd2ac83f81261368cbcd6d54efafadf30	analyze_residuals/constants.py
2026-04-12T12:24:49	2359	9492cf9777dca7680b879e117a6807aec4c215371584674f17b879f59b295d61	analyze_residuals/cycles.py
2026-04-29T13:12:34	4690	8d877181c1c9082eec3046c02cfbe4ede37b70a97b2d91c357459ba83eb5819e	analyze_residuals/data.py
2026-05-04T12:18:35	11883	3758bf8ab9d6e17094d341bd804a7fe7ef2aaeda779d763bbc44887bf3074226	analyze_residuals/FDASRSF_DIAGNOSE.md
2026-04-14T18:10:12	349363	27ca02511addef6e2f34148ba3a87f6d800e738f15ea0681d02432651bf66db7	analyze_residuals/HD_gtbOagAAYe2k.jpeg
2026-04-12T02:05:57	515	25375e5ef48f99f963fd20d793f045c7d7a7b0528b485625b7db171b76308e59	analyze_residuals/__init__.py
2026-04-12T16:34:09	6254	119707b1397dd022933d958a2c2a0466315ae86345ed6cc7156159b3aab3bb27	analyze_residuals/_muell_lppl/06_cli_lppl_system.py
2026-04-12T16:45:57	1538	cb44c2ea8b248fe3b9bd2d796890346c2c42a8ea3495d7de8575be46f4c16f55	analyze_residuals/_muell_lppl/07_cli_lppl_spectral.py
2026-04-12T16:46:17	1619	13b646c8b1fd7c90ef23dfa0573e6a82329c1be4245252268d7b6455c5694d59	analyze_residuals/_muell_lppl/08_cli_lppl_whisker.py
2026-04-12T16:46:34	1674	8339e1002d68e72d54547357a7154181c1313e26b609173d25241ca2439d5720	analyze_residuals/_muell_lppl/09_cli_lppl_backbone.py
2026-04-12T16:33:25	3913	fce34bf7c9ee9d847d4420857052c280c1d6e3bf3610489f2b2472680722c6d0	analyze_residuals/_muell_lppl/lppl_system.py
2026-05-05T12:53:02	14968	097b11db289245583ddf4692c37177e31aa89dacbaa89bf2e836713e84322f6c	analyze_residuals/_patchtest/delta-n-dist-lin.py
2026-05-05T12:53:31	15215	a72b9f53e8a3711adad639bab912ec76a9ed5cbb945d1850883346aaefe7b631	analyze_residuals/_patchtest/delta-n-dist-log.py
2026-05-05T13:15:39	9179	54085baf413edf89b654c41de6ce32084071466021b6a97954015a9ce637f711	analyze_residuals/_patchtest/fit_residuals_agent.py
2026-04-14T14:40:26	16512	6ef0e8c6e74f9d0c343553b70bd2a0c7e5e8522ba523e1fc7ec95d9944c43ee5	analyze_residuals/precheck.py
2026-04-14T13:10:39	15345	8b4f3fbb1ca579a30f93ef8f5b3a661f4b90884702b3d5b9ac5c268529c3d3aa	analyze_residuals/precheck_report.py
2026-05-05T13:53:15	5429	9f6e92dddce90b205afd14dbafc88eba3274900f7f8736ec537d579175590859	analyze_residuals/res-dist.py
2026-05-29T13:44:09	566346	860984210c38842b4718006e421f5f1dd3626b755a47da89be1d4241010e9f5c	analyze_residuals/SSA.jpeg
2026-04-29T13:14:46	4648	928057cc074e40ff2dfe7bf4e3d6986c5d16986b5ebeef336ba480c0e92368e3	analyze_residuals/ssm_learn.py
2026-05-04T15:00:04	7904	c1c296ea8bab36889a5889a99d91e40d3d91847d3e1b576ce71f7e40944787df	analyze_residuals/tau.md
2026-04-12T17:39:44	8454	1010f880f44dacd8f561ad8e50e9449fca2954740d67a9ffe61599afcb7d5215	analyze_residuals/WORKFLOW_BTC_SSM.md
2026-04-12T02:51:04	6512	3e2d115029c3f8a2aeae552acd5544bcf0c68cc30a7abfb497c264bfcc437f54	analyze_residuals/WORKFLOW_OLD_VS_NEW.md
2026-04-12T15:22:39	1135	37266cc3c25156011786eb0879e50fffd89ef9c686ea341664d4d05cdc948e31	analyze_wang/01_cli_precheck.py
2026-04-12T12:50:01	4971	3425d9b4fd0d70da7346ad20bcc8b4eb6bdb3e52ff9198e1721ff9fbe9099ce2	analyze_wang/02_cli_harmonics.py
2026-04-13T20:02:28	290666	1523c5547d0a77369b0c9e9c89cda28a0faf9373d8207e521168fd41f8c61e35	analyze_wang/02_harmonics_current.png
2026-04-12T19:26:27	6785	c040839d02f30faf4fea591af6490c0504472b2c75ffb4bc6ac221e1bc6b31ce	analyze_wang/03_cli_phase.py
2026-04-13T20:40:16	7701	976bf907f7c4285f2faa9c28c4d8a02b878700b02c8f2bf52c171559e94c320a	analyze_wang/04_cli_scaling.py
2026-04-12T14:10:35	4983	8ed5118a76415b1d99838f4afe2f0886662c932261cb91e86773aa4aecd14bad	analyze_wang/05_cli_scan.py
2026-04-12T15:34:19	1867	e5de83d671936166360dfe51933ad43b112957f7278ff50b60555399943d295b	analyze_wang/06_cli_ssm_system.py
2026-04-12T15:35:52	1630	803a846f525621de31581d414aa901ce881b51923c557b7ede937258878c2d7a	analyze_wang/07_cli_ssm_spectral.py
2026-04-12T15:42:08	1845	f8b9172d4812a5ea800f36727670cd7da053ff1fd4b5d7e5bf8756f681a6c5ac	analyze_wang/08_cli_ssm_whisker.py
2026-04-12T16:01:22	1931	fb64485c66ea9d5f7284bd218a7feae0463166c283af18a95b3baee0cb8ec9da	analyze_wang/09_cli_ssm_backbone.py
2026-04-12T22:42:55	4888	bd03c51daac5d4ed96d880454c60544b0b04fd6fadd3c88bf853288c7db569b2	analyze_wang/10_cli_ssm_learn.py
2026-04-12T14:47:46	405098	8d5794a64f8da35320a5e769a9e2b815375d145380ca4ad79014bb862dfc933e	analyze_wang/chatverlauf-codex.txt
2026-04-12T12:36:00	441	1d8e4113b30a4a0401c10954c32be20d816ec006242ae2fe2ee8fb3015dc9bcc	analyze_wang/constants.py
2026-04-12T14:18:54	101093	0e4903288feb5f70ba35acea3f6bd30f27c3404c48c160fdb1266baf5a1924c2	analyze_wang/Figure_1.png
2026-04-12T12:42:09	2975	5e4bd8a0aacbbd0ced4db351a565b6446ec497e0f4b8932eb3faa1f1dc166790	analyze_wang/harmonics.py
2026-04-12T12:36:03	38	4cdacdb7551324cc754458ab1f4c6d01b559df90f9700727966db38d427df3d1	analyze_wang/__init__.py
2026-04-12T12:53:11	2297	6a6c8cffe3c001f75485447d7026185be288b656ef4ba932f9f0ec649ccb4918	analyze_wang/phase.py
2026-04-12T14:21:31	101093	0e4903288feb5f70ba35acea3f6bd30f27c3404c48c160fdb1266baf5a1924c2	analyze_wang/plot3.png
2026-04-12T15:24:07	12036	c6eec1c4cc98fbda81e5a9f8ae1151b498aa1e3f8aa1fa9ad27bf4abe068a2b3	analyze_wang/precheck.py
2026-04-12T14:09:17	2164	76036ee9524da9d97beccefb87ba4f2fa6dae37091650fdff7479b373a8f224f	analyze_wang/scaling.py
2026-04-13T20:53:46	3062	1310774891ff3d0621294bbfcdc1fd0acc99ade8621ceeb46aeffc3e6e865088	analyze_wang/scan.py
2026-04-13T20:55:55	2096	5b5be4efe9dfd42667fb1dedc540746f1b26e17445bee9b5abe4e486d564dcae	analyze_wang/simulate.py
2026-04-12T16:01:08	3506	505eeceb91ce384083e635c3c2d94ff48a524e5e239120a7a06506d9a3bca5d8	analyze_wang/ssm_backbone.py
2026-04-16T01:15:29	4768	9599973d62256eb45d8139f4424571b7ce03cf793e50d8be62f351b4f8a55ec1	analyze_wang/ssm_learn.py
2026-04-12T15:36:14	7174	eb9e372b276be0bd129c8f01cc82217eeef99b0dbd36c24f664b6833d219f505	analyze_wang/ssm_spectral.py
2026-04-12T15:32:45	3639	32702636d3e661d7ea1d862383dad22da081d1bc0b4c0fac275d0fdbd0314207	analyze_wang/ssm_system.py
2026-04-12T15:41:55	5388	fd4170c2d5efb98a9d03291e92b10e916ca47158be1dc356237a86ff5ad46eb5	analyze_wang/ssm_whisker.py
2026-04-12T12:35:42	1165	91b9f43fbf07938cef544627ba7a3ebf37027ba6ce7c9c2db5fb6a5681468416	analyze_wang/system.py
2026-04-12T16:02:30	2011	584755401b94d791c49dad41638180d5ea949e7fc5561289c8f9e3f4f5838fd8	analyze_wang/todo.txt
2026-04-12T16:15:56	9704	9fda124fd0d1f58c69bb2bcaa75038998615f14aef513ff071e7035c55b9f72e	analyze_wang/WORKFLOW_WANG_SSM.md
2026-04-29T17:24:49	12674	93a31659e981371948b0daa0292532efc8ba91e46611b7d3eb59cff4521443e6	aperiodic-problem.md
2026-04-29T12:16:50	14656234	5f19a8fa29a6281be690c1fde99c8f4708ac2b27696fd69ac03c9a3a2ecd0ec0	aperiodic-SSM.pdf
2026-03-21T04:25:51	60911	43f541f8b3834678d70335c3dcdd6861a427dd334859105e2858100f9199161e	Attract-Algo.pdf
2026-03-21T17:44:46	5805	b576c2e00c13c0a6ae0b156071a420ee374898580fcb5db30344928c9ba80d11	attractor_2scroll_anim.py
2026-03-28T16:35:35	16359	6d58c35855b7422a4fc9cd7a41e6b7055906509d24b9b2b10a219a7546932a1b	attractor_2scroll_eq_backup_ftle.py
2026-03-30T18:13:04	17368	44303bf66de73029c628ac1f3357b56d2a61abc194b73d5e6a1273c446080bd4	attractor_2scroll_eq.py
2026-03-21T18:24:24	6468	4b2894a430ad1ae78754a8af054b669ae2a599ad79f4c67cf39fd13a932c849e	attractor_2scroll_slider.py
2026-03-22T15:04:43	6366	af61a455abbda3e64078a9989ad0d0a5d3ead2985150957cc2ba9b84c4150e11	attractor_2scroll_slider_v2.py
2026-03-30T00:39:18	21081	70df0b358ecacc88857fb4ba7fa18dd5439cfc722f0cec3428d2a6ae691eb3ee	attractor_3p33y.py
2026-03-21T13:48:09	18791	4f424b70463b4247a1e562aa1b7350b4ffe24fcf6f80c34c04231a738a37ae93	attractor_analysis_mean.py
2026-03-21T14:17:49	23567	c5f047d2cacaa14899c3aa7374834840af0a23af6721eb7387a09e9f6545d27f	attractor_analysis.py
2026-03-30T00:46:49	26953	bb3a71672d09ce5fc5322e338549f5a6a040a00b09fcbbbf54f3dfbc96f4fe2b	attractor_BT.py
2026-03-24T15:46:11	7290	6805d64b3e0fcaf9fd3272c68a47511ebd0526efe1bdc50ddd11ead42734b897	attractor_controls.py
2026-03-30T00:39:18	23068	45d702155f3222b7b83df4231a15400c9238593ea1ee5a3626ea83ace61f444c	attractor_cy.py
2026-03-21T11:18:20	12506	2fa2a132ba06fa173363f8d327013eb1fbf93ba6a4e6d4cb0f364d5e1f04b5f1	attractor_lyap_dim.md
2026-03-30T00:39:18	19730	4eeaf2721c36c813b59a08decb7daed62072ee1128d5e2c5a2cc62b21ebaeb6f	attractor_mean.py
2026-03-30T00:46:49	30289	47e28895b2ec917e7b7fcb548a7a8a881de4a3a352a1a314066f01fba51f3e6f	attractor_n_BT.py
2026-04-10T22:32:24	9891	2bfd6484484ed2a89aa7d1f84649f7f51f35bbd0a0bd33c4e14ff2dc0f5b3bdc	attractor_n_ens/attractor_n_ens_compute.py
2026-03-31T13:52:46	9474	94575f17332fc181cfde79152c1667b7b35c7ed72f35af9a2731f219b179803a	attractor_n_ens/attractor_n_ens_controls.py
2026-03-30T02:10:08	6232	0f1c3a0f021d3c59b98bb905f15dd47143b23a5b61a2a70efef03e639793f342	attractor_n_ens/attractor_n_ens_flow_Modul01.py
2026-03-30T02:11:12	9348	43310d0c846dd6e0ca733ae24db113d16635527dc755fd2726c4f2a42e2a5238	attractor_n_ens/attractor_n_ens_flow_Modul02.py
2026-03-30T02:10:36	6294	415e009f43c3409a1011dcafb2a823a2efb77e12181d624970d8af60b289ace5	attractor_n_ens/attractor_n_ens_flow.py
2026-03-30T03:16:20	10818	7444cf969660a91089da235b3a429495480bae20d6a73fbddf50225da3d63c81	attractor_n_ens/attractor_n_ens_nambu_Modul01.py
2026-03-30T03:54:11	12516	66d3aac3e883d93d76cf76c4e53e42a83dc5b9001f66c36fb13d0189d52ab47b	attractor_n_ens/attractor_n_ens_nambu_Modul02.py
2026-03-30T03:44:55	9187	8d47db60443c3dceb32254f8cb2f5cef4eaed9a2e0b5b95cb409067c020b969b	attractor_n_ens/attractor_n_ens_nambu.py
2026-03-31T13:53:45	15824	ea29eb10b550a0c4e7ae5ba47ae70d7724f20c9d85e2e63c92fe4888771e62db	attractor_n_ens/attractor_n_ens_plot1.py
2026-03-31T02:06:23	18922	e7fec58cb25e84cac17be4eeec916001edfa6ca124d811b330daaee39e18adff	attractor_n_ens/attractor_n_ens_plot2.py
2026-03-31T01:27:29	3807	303d0cca58945b954147748cffcabae085b760a5c153d10f0637d7d2abebc565	attractor_n_ens/attractor_n_ens.py
2026-03-24T15:49:17	854	da4e90e947ad01d7d6c0815815cfc4777b0120ce75c657c48669ec0d22fbeca9	attractor_n_ens/attractor_n_ens_utils.py
2026-03-31T01:57:12	160	6e3443cd503ac65153a45deb8ab918668c1a19d8f8ac8d2e6ced9975590daa9c	attractor_n_ens/.claude/settings.local.json
2026-03-24T15:49:08	26	6bfd57fe2d1ebdef3ce699f3c0bb67251d54740cbdb5e004f3a5a774c552bb25	attractor_n_ens/__init__.py
2026-03-30T00:35:48	3636	2191c1fe9fb2f956216077df4978457e6d131805e0048bb2200ca1469e9908e3	attractor_n_ens.py
2026-04-05T15:41:56	14175	d0529688781a65146a82c744f171c0615feb00ceecf4d2f0ec8cb8113c602c7c	attractor_n_IAAFT-glob.py
2026-03-30T00:35:48	27932	8d3794a74a193b3d21ff47e81fe506c99cbb8564af8062ff3e05e923b0673dfd	attractor_n.py
2026-04-07T18:35:46	25305	74f82d571035c832dc0883e9b9798c7bf83fad038230da2e5cff1f354f068902	attractor.py
2026-04-06T14:53:23	10519	77f21b7e09dd66020a627ac4cc909b4f204a483f14e72bf578a41a90b5c58f57	attractor_scan_m.py
2026-04-06T11:53:46	7768	a191fca2f915a0efebde82721f66d1872f0a1d61221ca4d5841f2ea325498aaa	attractor_scan_mutual.py
2026-04-06T14:47:29	12000	a19c4fdfee20fca065c86e0a38726f8d3b147a951ae939d3465c762e6b2d1c11	attractor_scan.py
2026-04-06T12:10:26	8928	c82af0216113090236d6bf262b9d2f2c5473e1f8a56f320cd30bb67438ba51c6	attractor_scan_recurrence.py
2026-04-02T02:45:02	20776	fb8b29be09330fa18b08d685b3b1136da85e9a26574a817934b062432d73b598	attractor_verify.py
2026-04-02T02:51:38	12938	bb41a1962877dff73e431d6f9539a8ed394fa071315f01bf52a5d6ef6e41d1cb	attractor_verify_surrogates.py
2026-04-07T20:43:23	427001	080adde1164db2dd160daea3bb5c5172e55cab2b7748924d184a8e1f0eb4d4c6	Breunung_Haller2018_BackboneCurves_arxiv.pdf
2026-04-12T12:46:59	9196	1b4c0cbbcae23306baf699c14f7a985dc01d282953b8cf6b9a162b5a8722dbd8	claude_review_analyze_wang_2026-04-12.md
2026-04-12T18:58:14	997	2c51a886ae1683f50e12a9fa0367acb8d6d125ec6acf80542b7bb7f97e19eb44	claude_review_btc_ssm_01_05_2026-04-12.md
2026-04-12T14:21:47	704	3fec80eed3f8c9056e15cf7e7df5455856fad78aa2e2828c0cc129b1f9045a53	claude_review_wang_scaling_2026-04-12.md
2026-04-10T18:39:49	3727	0c1f4b2853febd0503f9534e3d44696d0982abc783ee2bb87b85e5845f79c504	claude_ssmtoolbox_dgl_spec.md
2026-03-29T18:44:02	12200	1362cbb19a6e4c719835887631e6ba72c2f457abe962e189099cd8687e995d74	coinglass.md
2026-04-14T12:39:33	83318	d25bf53a4d5ce49ef02bdcf5c8ec1d36a32e542c84e47bab68c44e8c12678403	COLLAB_LOG.md
2026-03-30T01:30:49	2517536	8a1d4dd23b7dfbd78affab505d85a8bfd141b369fed57e4ebcb86d097e12ca82	DeformationOfNambu.pdf
2026-06-11T21:38:46	183340	9e13ed7218ada43f92440d11f0e3790dd409a2ff76f22e524327e6a6f62d56fe	DGL.pdf
2026-04-12T22:39:24	9890	c4fdb1cecb3469a1e2829c4ac1ab212a312fc6117798f35f2b02d0d6ddbe3d0e	EINHEITLICH.md
2026-04-13T19:23:25	4944	cda894a16ccb0e03f62f84bac61ce56e6fd21a42b7472b5af17f2e4c9b76187b	einheitlich.md
2026-03-21T15:42:51	8889536	9de3c9abe964db46e734e0e57e3feb52c041a65a241a656a2111511e9f4861e1	EmergenceOfMultiScrollAttractors.pdf
2026-03-30T01:26:31	239740	adbaabc34d2d9b4ab0e3b42a7e2e77567c4008eb141d4e4e19c06936c0af6d78	fluids-02-00024-v2.pdf
2026-03-30T01:40:44	223608	a210c6f0eb3115be4a14b22237d7ca781a6b0006d15bdbe0fb7b9cbfafd5194f	GeneralizedNambu.pdf
2026-07-09T11:54:35	47	4112dc1f29d7fe7010fd8f7f71ffc6d2391c328a30291fe4c4f9571cd8bcf1ec	.gitignore
2026-04-07T20:43:20	9110339	b79d898f2b35e2f3e6255829d5b6a24b014225bca992c457fc4b2a51b1872900	Haller_Ponsioen2016_NNM_SSM_arxiv.pdf
2026-03-27T17:47:51	2641	c3dcc70b9ce39ee8c6d3dac1d42c8908a86a8cf3cf4cf6df211f70554855ccb2	iaaft.txt
2026-04-07T20:43:27	8097305	1328240d958da08fcfd220114d612bc5a55ffc027d9e32d91df58123caa70959	Jain_Tiso_Haller2018_vonKarman_arxiv.pdf
2026-04-05T14:12:07	6724	9c802525b91095a05bd9799d2279b2475a496ed48db2367fa18bd22cae139b54	pipeline.md
2026-03-23T13:55:58	6131	8b51658ad4b77fcf9f1d9d421c94ed7ef4a7609c0d80c0053a5b16e849d4b2c7	plan.txt
2026-04-07T20:43:23	7637661	ca28986cbaac754be5f3b0e368fdd76bed58de99af105854b37ab1a6f086e2a4	Ponsioen2018_AutomatedSSM_arxiv.pdf
2026-04-07T20:42:55	2761587	a2de10017616dc733ef6c46ffa1db88c8d2a916de0067c7461514bcca96c5e7d	Ponsioen2018_IsolatedFRC_arxiv.pdf
2026-07-09T11:55:15	930	2dd6c1dbd71528692cd7fbd67ef2e09d520d071c6947deff8fa0f9f739674d46	README.md
2026-04-08T19:31:25	109523	78f60553c18a3b9ba18e22224223ca980cb33bd0c4a1d175bbeff5c50e9e01fc	SSMLearnHaller.md
2026-04-12T02:34:47	5445	a2408b1dca08878ecebf4179ea1bafa9ec80e754cf4e0798a93b30dbe044df2e	SSMLearnHaller_new.md
2026-04-08T19:36:41	7900	255e94d038aebfdfafde42be0b5b66cbadd09e6e7f8eaa4c5837cb965cf78833	SSMLearnHaller_quickref.md
2026-04-07T22:35:39	6303	4bb8e9fbf39b528db0cb2f1c8a9bc0e4c61ad961b5daed52f9c217054559202b	ssmlearn_res_summary.md
2026-04-07T21:34:51	9890	7f9c14a5d67eeb41a4a72d8ee524bd5b10e82d745afdb0a13bba997ab57fd519	SSMmatlab_vs_Py.md
2026-05-18T14:17:05	8366	0cf863884e39d9b005e36a1758b684b60d703867674b408cd62fbca2dae8e900	SSM/n/13_cli_manifold.py
2026-05-18T14:00:52	5740	70e4ca1690658e1990b7c564af7626a25563be59fe632a15e0b5a1382deb5251	SSM/n/SSM_n_data.py
2026-05-18T13:59:12	1837	cf33138c48d12ff2ba7875e13e269e4f191ef69dcc6cff000c779d9556591490	SSM/n/SSM_n_embedding.py
2026-05-18T14:00:13	8216	0aa6a53ebfba911451f17ca91de4e14b7c670241e1a87f42efafb9dbb3b5cc1a	SSM/n/SSM_n_geometry.py
2026-05-18T14:00:21	5119	bbb48d6e9762192bb57a12733fd3c20ba67f06c65bcebfc2d53c9c1c55e0631d	SSM/n/SSM_n_phase.py
2026-05-18T13:59:52	10073	c1ec86cbd065cdf191cf74435d6e09604924611c030d173b19cb0b06c9d68925	SSM/n/SSM_n_plots_manifold.py
2026-04-07T13:21:38	2681	136d5e77fa9d833a63cd5a53bbd2a423636fd2b006ec98f26b15e8075d1755e9	SSM/raw/data.py
2026-04-07T13:21:56	1837	cf33138c48d12ff2ba7875e13e269e4f191ef69dcc6cff000c779d9556591490	SSM/raw/embedding.py
2026-04-07T13:22:29	4407	0f402a324f9e4855283a4bdda7afc829d93f25e6bd0a68254578a64be09899c3	SSM/raw/plots.py
2026-04-07T13:23:05	4839	e19ef7c1700760ab78d44c48408096009da37cdda267214d880806170d0cd026	SSM/raw/SSM_raw.py
2026-04-13T13:46:51	5801	5392b0f6ee126a20d0f1d549400bd95b15b66946dc14bb2678431aeafd0700d7	SSM/res/01_cli_precheck.py
2026-04-13T14:08:07	4022	75a2ee3724b64ab6450fe98c866b9fdbe68dd8a5baee7a9420664d5e9ee91d84	SSM/res/02_cli_harmonics.py
2026-04-13T13:52:39	8650	1448370b45021b2e2d890d47500700f2916228eca33a04c9280172cbb1c4d1ae	SSM/res/03_cli_phase.py
2026-04-13T13:53:20	9589	c615addfd2927ebc5ddbc6bc8a4d6b12a22a43f776dcd38268203e19cf044d9c	SSM/res/04_cli_scaling.py
2026-04-13T14:07:48	8928	fe75b3813a115dc3edf1ccd6453d6b16fcd3b164860655f76bc1cce4be940247	SSM/res/05_cli_scan.py
2026-04-13T14:08:07	6700	fe6dfc3280199b9895eed81a8dac8845ce9baea02a8e3931aa141e378dd70cce	SSM/res/06_cli_ssm_system.py
2026-04-13T13:59:42	4018	8dc3426fc2f43bbbb57bb30260d4ce751d9b5860c7f3a06f8afd24181c9a97c6	SSM/res/07_cli_ssm_spectral.py
2026-04-13T13:44:45	1960	5be2706e809160c90f771ddd7a60fdd51b94db981d269bdf1b8390813f18b21f	SSM/res/08_cli_ssm_whisker.py
2026-04-13T14:00:08	6885	6507c5281cb54b8c1c8c860a076270e193872fc40becfab514c4a730270c29d7	SSM/res/09_cli_ssm_backbone.py
2026-04-13T13:54:41	8564	e8e25ebfc8ee5045422442ab38689e5aa0b854280c0e05cca3f78cfda5d6f7c0	SSM/res/10_cli_ssm_learn.py
2026-04-12T18:17:37	2196	e57109cdb3cee6d123658683e9ae948787c9fbd7602664f60901329eefc0700d	SSM/res/11_cli_embedding.py
2026-04-12T18:20:49	3041	b5aea24c67ae4867bf3851ebda1247d4fc23d33a2f6d492d71f826a2e65aa949	SSM/res/12_cli_intrinsic_dim.py
2026-05-18T16:15:59	7873	9883326e1e54502fb22131559732776628373429a2d5cee8fe1c2721c0eb936c	SSM/res/13_cli_manifold.py
2026-04-12T18:15:48	6785	b5bcf31f0d3e33dd78f6b2f8b22ffd8fdc32f391634a0f118a9ee99fce4a350b	SSM/res/backup_old/SSM_res_data.py
2026-04-12T18:15:48	1837	cf33138c48d12ff2ba7875e13e269e4f191ef69dcc6cff000c779d9556591490	SSM/res/backup_old/SSM_res_embedding.py
2026-04-12T18:15:48	10968	6ff7754236b32f60c9ec74aaaba46f10efb9f463c385ecb127505ce7be7906d2	SSM/res/backup_old/SSM_res_free.py
2026-04-12T18:15:48	8218	740913ba9fbea25781d7fb8bdbe5554c02ec5f0419b9a036e4f38f18961bd6aa	SSM/res/backup_old/SSM_res_geometry.py
2026-04-12T18:15:48	4237	b9163567928080ba9ddeb2659715f939ec04da1076b7ed73291cd1ac945848b2	SSM/res/backup_old/SSM_res_intrinsic_dim.py
2026-04-12T18:15:48	2946	6b1a44944f1475deaaccb1dbde57230577727233955361f753ec4a177a589034	SSM/res/backup_old/SSM_res_local_pca.py
2026-04-12T18:15:48	5121	7d0b5f2655bac45d0f73d7c113b432a8c6c6ad26a103903b14531ce567148846	SSM/res/backup_old/SSM_res_phase.py
2026-04-12T18:15:48	11718	a9124b25584dc3bc0e2ce39eb70466896cb6f713bd77f35cf6521acd1af18d9b	SSM/res/backup_old/SSM_res_plots_free.py
2026-04-12T18:15:48	5508	e2df6b5079e2a1bcc8871819e3db56a74bc120e0a9e60a557f8ae9f0890c9628	SSM/res/backup_old/SSM_res_plots_input.py
2026-04-12T18:15:48	10079	6a4b5abc72c6832cbcd3743583648efd4a1688edb8e424a6b4fe569c7a1fc60b	SSM/res/backup_old/SSM_res_plots_manifold.py
2026-04-12T18:15:48	4280	67fabf4a8fce96ea380edcc4a0229544e4e51f260294fb86983798843ae918b0	SSM/res/backup_old/SSM_res_plots_modes.py
2026-04-12T18:15:48	8446	6e31d578eb3135d64244e730035e5b36fb4b6adab6e00b950bd94189d0062fa1	SSM/res/backup_old/SSM_res.py
2026-04-12T18:15:48	16363	4ebf9a7976bbd537012b431c959c1903f107bf11b2165da7bf8e119eceafa9d2	SSM/res/backup_old/SSM_res_surrogate_compute.py
2026-04-12T18:15:48	18593	3befd3e123f3b262ba56e60fbbaadc9c70b284925a6c0b220c583846282ff00d	SSM/res/backup_old/surrogate_ssm.py
2026-05-18T16:22:35	3618	fe8045d088d1793604c2911fc7ea8902a68b70405596d2bf375e6b2897872bc8	SSM/res/.claude/settings.local.json
2026-04-10T14:30:51	101584	244e84744bdfda9c3880eb636717d05a2339c48606d944656d2abcd805589d24	SSM/res/Figure_0.png
2026-04-10T14:30:45	81269	f4e3e2507e0b2ea3a1973d619225edc83b7255d46f093a13500626ce294f23e0	SSM/res/Figure_1.png
2026-04-10T14:30:42	41165	7ba19b76dc270c4ed12d500f28af6599c9776168bd2d76362efd7a6310b0dd17	SSM/res/Figure_2.png
2026-04-10T14:30:36	226646	41704ce3ae910e6ab106e807c57ff9b70f6dc14308d010a97c7f61143d03e29d	SSM/res/Figure_3.png
2026-04-13T13:45:09	4249	5ca32dcb86d9c1762ba5c12f2cca9ffa13a36758615e7c55a4ebe0cc7bfc5e1f	SSM/res/lppl_system.py
2026-04-12T18:58:01	5045	b4e37b8c5ba1a6460f49207f1ff13fc5a1879572f4c9d26c92b8dd0f6b3d0092	SSM_res_review.md
2026-05-18T16:15:10	6890	092b0914e0f0fe6f1aa27e3fda07af2c36c316c15e7de26d337ebdcc32381254	SSM/res/SSM_res_data.py
2026-04-07T13:30:10	1837	cf33138c48d12ff2ba7875e13e269e4f191ef69dcc6cff000c779d9556591490	SSM/res/SSM_res_embedding.py
2026-04-07T15:52:53	10968	6ff7754236b32f60c9ec74aaaba46f10efb9f463c385ecb127505ce7be7906d2	SSM/res/SSM_res_free.py
2026-04-07T21:16:15	8218	740913ba9fbea25781d7fb8bdbe5554c02ec5f0419b9a036e4f38f18961bd6aa	SSM/res/SSM_res_geometry.py
2026-04-12T19:04:04	6742	a578af97c5171fc45653224104274a81b66d89e446986fcf40bf2ababad480e7	SSM/res/SSM_res_harmonic.py
2026-04-07T14:50:00	4237	b9163567928080ba9ddeb2659715f939ec04da1076b7ed73291cd1ac945848b2	SSM/res/SSM_res_intrinsic_dim.py
2026-04-07T14:51:52	2946	6b1a44944f1475deaaccb1dbde57230577727233955361f753ec4a177a589034	SSM/res/SSM_res_local_pca.py
2026-04-13T13:45:37	2058	10639a9f1a21daa6264788adf92b112fd15e284143cc762057cf4e1cb15f34d3	SSM/res/SSM_res_lppl_data.py
2026-04-07T13:43:54	5121	7d0b5f2655bac45d0f73d7c113b432a8c6c6ad26a103903b14531ce567148846	SSM/res/SSM_res_phase.py
2026-04-07T14:57:30	11718	a9124b25584dc3bc0e2ce39eb70466896cb6f713bd77f35cf6521acd1af18d9b	SSM/res/SSM_res_plots_free.py
2026-04-07T15:11:51	5508	e2df6b5079e2a1bcc8871819e3db56a74bc120e0a9e60a557f8ae9f0890c9628	SSM/res/SSM_res_plots_input.py
2026-05-18T16:17:32	12119	03c84f054585b6f61ce0afe28821d02c3d155127008efd7a44854b3aa0d9c107	SSM/res/SSM_res_plots_manifold.py
2026-04-07T14:26:40	4280	67fabf4a8fce96ea380edcc4a0229544e4e51f260294fb86983798843ae918b0	SSM/res/SSM_res_plots_modes.py
2026-04-07T21:16:15	8446	6e31d578eb3135d64244e730035e5b36fb4b6adab6e00b950bd94189d0062fa1	SSM/res/SSM_res.py
2026-04-07T17:32:14	16363	4ebf9a7976bbd537012b431c959c1903f107bf11b2165da7bf8e119eceafa9d2	SSM/res/SSM_res_surrogate_compute.py
2026-04-07T19:42:41	93160	17b85077575b68d0fb14cde7b855dce99aacc0b25f2964e4370bb14618e4cf2a	SSM/res/surrogate_ssm_fig1.png
2026-04-07T19:42:42	580192	6a2fdb1628885faa97282469700091a282467b1a87ccfc1990f89f3313731374	SSM/res/surrogate_ssm_fig2.png
2026-04-07T20:48:01	18593	3befd3e123f3b262ba56e60fbbaadc9c70b284925a6c0b220c583846282ff00d	SSM/res/surrogate_ssm.py
2026-04-12T23:01:47	2377	853390386bb3571b37cb6e91f15cb98a614e4c88f564ae0058fad2563681a0a6	SSM/res/test_2d_lppl.py
2026-04-12T23:22:58	4490	2240246b56cae89cd14dbb2b19a1cab93ad8cb527d3f57cee5c6b2d5a6350ac9	SSM/res/test_wang_embedding.py
2026-04-12T22:56:19	7458	bf436801c6336373c0c7f8878855c810476b1bf2eb1a6e3d25a34e151d11e989	SSM/res/wang_on_off_vergleich.txt
2026-04-12T17:59:42	5320	51e1c45526d7dd57de5dcd26770715df07e3f154b9d12ef6f7fe2039c3b3e4ed	SSM/res/WORKFLOW_PLAN.txt
2026-06-07T00:53:37	3164	e293faed3c51ad5df74422469e26c0a9a2ec1f595375b2268137572cb1f75b91	SSM/SSA_vs_SSM.md
2026-04-07T20:48:22	57252	3c4068465b995125b3d56774a9db18664abf49afe911ca977d5dc41b3cd233ad	SSM/todo.txt
2026-04-08T19:32:22	81494	1f6e440751a210810121149db4df3d5d92196e3508f092503b8508a2cd9f2ff0	SSMToolHaller.md
2026-04-12T02:36:41	18775	99f0df45338b7480a68de74f95d4c12590a91be04d48d4881cb5d2f1bb8b987e	SSMToolHaller_new.md
2026-04-08T19:36:48	9845	448b86437acb91eda0f6ccfc00be4554eb3cab4c3a2b27f098c38b031fabf226	SSMToolHaller_quickref.md
2026-04-01T23:38:26	1597	8186633fe1004e49fadae2411315c3b0b97908feb4a9619a7d2582d851dd6923	surrogate-tests.txt
2026-04-05T19:15:34	1251809	661ad46caf559fa70cd6e7b9ea5b0d0079d2002df2a4ff171d281b7fb41032b9	Theiler.pdf
2026-04-12T17:45:52	6080	424646b2079f6879129f30413cf53780b072d58af2d97062fa27a495c1ca8cee	vergleich_wang_btc_ssm.txt
2026-04-12T14:21:34	4111	117978a1f7772ca9bc6247047f0af710991c57c81559570cba9f2dc5060093f9	wang_scaling_review.md
2026-07-09T06:00:28	110581	a6ee616c31e4f9ca4a9f745a9c219c3a74cfddc5773221a12dd6aa3ce9fea7fa	ziel.csv
2026-04-07T21:34:56	28467	1aeceb33e941b8025039847e7d93bd60dd959df0e6a24929e895aa14e2189107	zwischenstand.txt
